{
	"format_version": "1.8.0",
	"animations": {
		"landing_in": {
			"loop": "hold_on_last_frame",
			"animation_length": 1,
			"bones": {
				"front_wheel_suspension": {
					"rotation": {
						"0.0": [0, 0, 0],
						"0.5": {
							"pre": [92.5, 0, 0],
							"post": [92.5, 0, 0],
							"lerp_mode": "catmullrom"
						}
					}
				},
				"front_wheel_doors": {
					"rotation": {
						"0.4167": [0, 0, 0],
						"1.0": [0, 0, -112.5]
					}
				},
				"left_right_flap": {
					"rotation": {
						"0.4167": [0, 0, 0],
						"1.0": [0, 0, -112.25]
					}
				},
				"right_right_flap": {
					"rotation": {
						"0.4167": [0, 0, 0],
						"1.0": [0, 0, 111.5]
					}
				},
				"back_left_wheel_assembly": {
					"rotation": {
						"0.0": [0, 0, 0],
						"0.5": {
							"pre": [0, 0, 90],
							"post": [0, 0, 90],
							"lerp_mode": "catmullrom"
						}
					}
				},
				"left_left_flap": {
					"rotation": {
						"0.4167": [0, 0, 0],
						"1.0": [0, 0, 112.25]
					}
				},
				"right_right_flap2": {
					"rotation": {
						"0.4167": [0, 0, 0],
						"1.0": [0, 0, -111.5]
					}
				},
				"back_right_wheel_assembly": {
					"rotation": {
						"0.0": [0, 0, 0],
						"0.5": {
							"pre": [0, 0, -90],
							"post": [0, 0, -90],
							"lerp_mode": "catmullrom"
						}
					}
				}
			}
		},
		"landing_out": {
			"loop": "hold_on_last_frame",
			"animation_length": 1,
			"bones": {
				"front_wheel_suspension": {
					"rotation": {
						"0.5": {
							"pre": [92.5, 0, 0],
							"post": [92.5, 0, 0],
							"lerp_mode": "catmullrom"
						},
						"1.0": [0, 0, 0]
					}
				},
				"front_wheel_doors": {
					"rotation": {
						"0.0": [0, 0, -112.5],
						"0.5833": [0, 0, 0]
					}
				},
				"left_right_flap": {
					"rotation": {
						"0.0": [0, 0, -112.25],
						"0.5833": [0, 0, 0]
					}
				},
				"right_right_flap": {
					"rotation": {
						"0.0": [0, 0, 111.5],
						"0.5833": [0, 0, 0]
					}
				},
				"back_left_wheel_assembly": {
					"rotation": {
						"0.5": {
							"pre": [0, 0, 90],
							"post": [0, 0, 90],
							"lerp_mode": "catmullrom"
						},
						"1.0": [0, 0, 0]
					}
				},
				"left_left_flap": {
					"rotation": {
						"0.0": [0, 0, 112.25],
						"0.5833": [0, 0, 0]
					}
				},
				"right_right_flap2": {
					"rotation": {
						"0.0": [0, 0, -111.5],
						"0.5833": [0, 0, 0]
					}
				},
				"back_right_wheel_assembly": {
					"rotation": {
						"0.5": {
							"pre": [0, 0, -90],
							"post": [0, 0, -90],
							"lerp_mode": "catmullrom"
						},
						"1.0": [0, 0, 0]
					}
				}
			}
		},
		"stabilizer_right": {
			"animation_length": 1,
			"bones": {
				"stabilizer_wing": {
					"rotation": {
						"0.0": [0, 0, 0],
						"0.5": {
							"pre": [0, -45, 0],
							"post": [0, -45, 0],
							"lerp_mode": "catmullrom"
						},
						"1.0": [0, 0, 0]
					}
				}
			}
		},
		"stabilizer_left": {
			"animation_length": 1,
			"bones": {
				"stabilizer_wing": {
					"rotation": {
						"0.0": [0, 0, 0],
						"0.5": {
							"pre": [0, 45, 0],
							"post": [0, 45, 0],
							"lerp_mode": "catmullrom"
						},
						"1.0": [0, 0, 0]
					}
				}
			}
		},
		"spoilers_out": {
			"loop": "hold_on_last_frame",
			"animation_length": 0.5,
			"bones": {
				"left_3rd_spoiler": {
					"rotation": {
						"0.0": [0, 0, 0],
						"0.5": {
							"pre": [67.5, 0, 0],
							"post": [67.5, 0, 0],
							"lerp_mode": "catmullrom"
						}
					}
				},
				"right_3rd_spoiler": {
					"rotation": {
						"0.0": [0, 0, 0],
						"0.5": {
							"pre": [67.5, 0, 0],
							"post": [67.5, 0, 0],
							"lerp_mode": "catmullrom"
						}
					}
				}
			}
		},
		"spoilers_in": {
			"loop": "hold_on_last_frame",
			"animation_length": 0.5,
			"bones": {
				"left_3rd_spoiler": {
					"rotation": {
						"0.0": [67.5, 0, 0],
						"0.5": [0, 0, 0]
					}
				},
				"right_3rd_spoiler": {
					"rotation": {
						"0.0": [67.5, 0, 0],
						"0.5": [0, 0, 0]
					}
				}
			}
		},
		"flaps_out": {
			"loop": "hold_on_last_frame",
			"animation_length": 0.5,
			"bones": {
				"left_2nd_flap": {
					"rotation": {
						"0.0": [0, 0, 0],
						"0.5": {
							"pre": [-45, 0, 0],
							"post": [-45, 0, 0],
							"lerp_mode": "catmullrom"
						}
					}
				},
				"right_2nd_flap": {
					"rotation": {
						"0.0": [0, 0, 0],
						"0.5": {
							"pre": [-45, 0, 0],
							"post": [-45, 0, 0],
							"lerp_mode": "catmullrom"
						}
					}
				}
			}
		},
		"flaps_in": {
			"loop": "hold_on_last_frame",
			"animation_length": 0.5,
			"bones": {
				"left_2nd_flap": {
					"rotation": {
						"0.0": [-45, 0, 0],
						"0.5": [0, 0, 0]
					}
				},
				"right_2nd_flap": {
					"rotation": {
						"0.0": [-45, 0, 0],
						"0.5": [0, 0, 0]
					}
				}
			}
		},
		"ailerons_out": {
			"loop": "hold_on_last_frame",
			"animation_length": 0.5,
			"bones": {
				"left_1st_flap": {
					"rotation": {
						"0.0": [0, 0, 0],
						"0.5": [-22.5, 0, 0]
					}
				},
				"right_1st_flap": {
					"rotation": {
						"0.0": [-22.5, 0, 0],
						"0.5": [0, 0, 0]
					}
				}
			}
		},
		"ailerons_in": {
			"loop": "hold_on_last_frame",
			"animation_length": 0.5,
			"bones": {
				"left_1st_flap": {
					"rotation": {
						"0.0": [0, 0, 0],
						"0.5": [22.5, 0, 0]
					}
				},
				"right_1st_flap": {
					"rotation": {
						"0.0": [22.5, 0, 0],
						"0.5": [0, 0, 0]
					}
				}
			}
		},
		"elecators_out": {
			"loop": "hold_on_last_frame",
			"animation_length": 0.5,
			"bones": {
				"left_elevator": {
					"rotation": {
						"0.0": [0, 0, 0],
						"0.5": [-22.5, 0, 0]
					}
				},
				"right_elevator": {
					"rotation": {
						"0.0": [0, 0, 0],
						"0.5": [-22.5, 0, 0]
					}
				}
			}
		},
		"elecators_in": {
			"loop": "hold_on_last_frame",
			"animation_length": 0.5,
			"bones": {
				"left_elevator": {
					"rotation": {
						"0.0": [0, 0, 0],
						"0.5": [22.5, 0, 0]
					}
				},
				"right_elevator": {
					"rotation": {
						"0.0": [0, 0, 0],
						"0.5": [22.5, 0, 0]
					}
				}
			}
		}
	}
}